model,image_path,true_label,true_label_name,fake_probability,pred_label,correctness,gradcam_path
consistency_efficientnet_b4_robust,/media/D1/ait_users/staff122/deepfake_project/outputs_deepfake_project/preprocessed_image/FaceForensics++_C23/test/real/original/197/frame_0016.jpg,0,real,0.36800456047058105,real,correct,/media/D1/ait_users/staff122/deepfake_project/outputs_deepfake_project/gradcam/consistency_efficientnet_b4_robust/00_real_pred_real_prob_0.368_correct.png
consistency_efficientnet_b4_robust,/media/D1/ait_users/staff122/deepfake_project/outputs_deepfake_project/preprocessed_image/FaceForensics++_C23/test/real/original/035/frame_0012.jpg,0,real,0.5254344940185547,fake,wrong,/media/D1/ait_users/staff122/deepfake_project/outputs_deepfake_project/gradcam/consistency_efficientnet_b4_robust/01_real_pred_fake_prob_0.525_wrong.png
consistency_efficientnet_b4_robust,/media/D1/ait_users/staff122/deepfake_project/outputs_deepfake_project/preprocessed_image/FaceForensics++_C23/test/real/original/496/frame_0013.jpg,0,real,0.9112973809242249,fake,wrong,/media/D1/ait_users/staff122/deepfake_project/outputs_deepfake_project/gradcam/consistency_efficientnet_b4_robust/02_real_pred_fake_prob_0.911_wrong.png
consistency_efficientnet_b4_robust,/media/D1/ait_users/staff122/deepfake_project/outputs_deepfake_project/preprocessed_image/FaceForensics++_C23/test/real/original/438/frame_0022.jpg,0,real,0.7090723514556885,fake,wrong,/media/D1/ait_users/staff122/deepfake_project/outputs_deepfake_project/gradcam/consistency_efficientnet_b4_robust/03_real_pred_fake_prob_0.709_wrong.png
consistency_efficientnet_b4_robust,/media/D1/ait_users/staff122/deepfake_project/outputs_deepfake_project/preprocessed_image/FaceForensics++_C23/test/real/original/406/frame_0004.jpg,0,real,0.0007630169857293367,real,correct,/media/D1/ait_users/staff122/deepfake_project/outputs_deepfake_project/gradcam/consistency_efficientnet_b4_robust/04_real_pred_real_prob_0.001_correct.png
consistency_efficientnet_b4_robust,/media/D1/ait_users/staff122/deepfake_project/outputs_deepfake_project/preprocessed_image/FaceForensics++_C23/test/fake/DeepFakeDetection/28_05__talking_angry_couch__V20UNLJ5/frame_0028.jpg,1,fake,0.9995167255401611,fake,correct,/media/D1/ait_users/staff122/deepfake_project/outputs_deepfake_project/gradcam/consistency_efficientnet_b4_robust/05_fake_pred_fake_prob_1.000_correct.png
consistency_efficientnet_b4_robust,/media/D1/ait_users/staff122/deepfake_project/outputs_deepfake_project/preprocessed_image/FaceForensics++_C23/test/fake/NeuralTextures/069_961/frame_0004.jpg,1,fake,0.8910695314407349,fake,correct,/media/D1/ait_users/staff122/deepfake_project/outputs_deepfake_project/gradcam/consistency_efficientnet_b4_robust/06_fake_pred_fake_prob_0.891_correct.png
consistency_efficientnet_b4_robust,/media/D1/ait_users/staff122/deepfake_project/outputs_deepfake_project/preprocessed_image/FaceForensics++_C23/test/fake/DeepFakeDetection/20_13__walking_down_indoor_hall_disgust__NJEO6L5O/frame_0030.jpg,1,fake,0.9998093247413635,fake,correct,/media/D1/ait_users/staff122/deepfake_project/outputs_deepfake_project/gradcam/consistency_efficientnet_b4_robust/07_fake_pred_fake_prob_1.000_correct.png
consistency_efficientnet_b4_robust,/media/D1/ait_users/staff122/deepfake_project/outputs_deepfake_project/preprocessed_image/FaceForensics++_C23/test/fake/FaceSwap/696_686/frame_0030.jpg,1,fake,0.9958189129829407,fake,correct,/media/D1/ait_users/staff122/deepfake_project/outputs_deepfake_project/gradcam/consistency_efficientnet_b4_robust/08_fake_pred_fake_prob_0.996_correct.png
consistency_efficientnet_b4_robust,/media/D1/ait_users/staff122/deepfake_project/outputs_deepfake_project/preprocessed_image/FaceForensics++_C23/test/fake/NeuralTextures/104_126/frame_0014.jpg,1,fake,0.9936003684997559,fake,correct,/media/D1/ait_users/staff122/deepfake_project/outputs_deepfake_project/gradcam/consistency_efficientnet_b4_robust/09_fake_pred_fake_prob_0.994_correct.png
